{
    "days":[
        {"id":1,"day":1},
        {"id":2,"day":2},
        {"id":3,"day":3}
    ],

   "cu":[
    {
        "id":1,
        "day":1,
        "sc":"h1태그",
        "def":"제목태그-h1에서 h6"
    },
    {
        "id":1,
        "day":2,
        "sc":"color 속성",
        "def":"글자색깔속성"
    },
    {
        "id":1,
        "day":1,
        "sc":"img 태그",
        "def":"이미지태그"
    },
    {
        "id":1,
        "day":3,
        "sc":"select",
        "def":"테이블에서 데이터검색"
    },
    {
        "id":1,
        "day":3,
        "sc":"delete",
        "def":"테이블에서 데이터삭제"
    },
    {
        "id":1,
        "day":3,
        "sc":"insert",
        "def":"테이블에서 데이터추가"
    },
    {
        "id":1,
        "day":3,
        "sc":"update",
        "def":"테이블에서 데이터 업데이트"
    },
    {
        "id":1,
        "day":2,
        "sc":"background 속성",
        "def":"배경색"
    }
   ]  
}